Name,Set,Market $,Prices,Qty,TCG ID,Location,Date,
Surfer 293/217 SIR ASC,Ascended Heroes,$30.03,"NM $30.63 (last sold 30.00, 29.82, 30.82)",2,676105,,2026-05-12,2026-05-18
Jellicent ex 168/086 SIR WHT,White Flare,$25.55,"NM $27.03 (last sold 25.00, 30.00, 25.90)",1,642285,,2026-05-12,2026-05-18
Gouging Fire ex 204/162 SIR TEF,Temporal Forces,$38.22,"NM $40.47 (last sold 41.39, 40.24, 40.24)",2,542925,,2026-05-12,2026-05-18
Raging Bolt ex 208/162 SIR TEF,Temporal Forces,$70.70,"NM $70.87 (last sold 70.96, 69.49, 70.96)",1,542929,,2026-05-12,2026-05-18
Galarian Perrserker V 184/196 Alt Art LOR,Lost Origin,$19.75,"NM $19.60 (last sold 20.00, 20.60, 19.00)",1,284135,,2026-05-12,2026-05-18
Dawn 129/094 SIR PFL,Phantasmal Flames,$30.12,"NM $30.62 (last sold 29.70, 30.42, 29.36)",1,662150,,2026-05-12,2026-05-18
Yanmega ex 228/182 SIR DRI,Destined Rivals,$24.82,"NM $25.06 (last sold 25.00, 25.00, 28.05)",2,633028,,2026-05-12,2026-05-18
Sinistcha ex 210/167 SIR TWM,Twilight Masquerade,$26.37,"NM $27.61 (last sold 27.59, 26.47, 29.95)",1,550254,,2026-05-12,2026-05-18
Wally's Compassion 186/132 SIR MEG,Mega Evolution,$23,"NM $23.63 (last sold 25.00, 23.18, 23.00)",2,654525,,2026-05-12,2026-05-18
Arven 235/198 UR SVI,Scarlet & Violet Base Set,$3.49,"NM $3.04 (last sold 3.50, 1.79, 3.59)",1,490093,,2026-05-12,2026-05-18
Lycanroc VMAX 213/203 Rainbow EVS,Evolving Skies,$7.33,"NM $10.35 (last sold 11.87, 8.73, 10.75)",1,246714,,2026-05-16,2026-05-18
Penny 239/091 SIR PAF,Paldean Fates,$19.25,"NM $19.24 (last sold 19.50, 19.96, 19.50)",4,535108,,2026-05-12,2026-05-18
Hilda 171/086 SIR WHT,White Flare,$64.24,"NM $62.57 (last sold 60.00, 60.00, 63.00)",1,642288,,2026-05-12,2026-05-18
Iono 237/091 SIR PAF,Paldean Fates,$29.75,"NM $28.52 (last sold 28.02, 28.20, 29.35)",3,535101,,,2026-05-18
Iron Boulder ex 207/162 SIR TEF,Temporal Forces,$18.66,"NM $17.93 (last sold 17.00, 17.69, 18.75)",1,542928,,2026-05-12,2026-05-18
Chien-Pao ex 261/193 SIR PAL,Paldea Evolved,$27.86,"NM $28.09 (last sold 29.98, 28.02, 26.99)",2,497680,,2026-05-12,2026-05-18
Acerola's Mischief 183/132 SIR MEG,Mega Evolution,$39.12,"NM $36.79 (last sold 34.99, 36.68, 36.49)",2,654522,,2026-05-12,2026-05-18
Lana's Aid 219/167 SIR TWM,Twilight Masquerade,$36.94,"NM $38.97 (last sold 46.98, 35.00, 39.58)",2,550263,,2026-05-12,2026-05-18
Oricorio ex 024 MEP,Mega Evolution Promo,$13.61,"NM $14.14 (last sold 15.98, 13.40, 13.42)",1,664010,,2026-05-16,2026-05-18
Toxtricity VMAX 196/192 Rainbow RCL,Rebel Clash,$16.62,"NM $18.56 (last sold 15.00, 17.06, 20.95)",1,213157,,2026-05-12,2026-05-18
Miraidon ex 244/198 SIR SVI,Scarlet & Violet Base Set,$22.65,"NM $25.73 (last sold 26.00, 26.75, 24.45)",1,485259,,2026-05-12,2026-05-18
Salamence VMAX 194/189 Rainbow DAA,Darkness Ablaze,$14.72,"NM $15.81 (last sold 14.99, 21.38, 15.70)",1,219320,,2026-05-16,2026-05-18
73/131 SM06,,$11.21,"NM $10.43 (last sold 10.15, 10.19, 10.95)",2,165725,,2026-05-12,2026-05-18
Galvantula ex 168/142 SIR SCR,Stellar Crown,$19.09,"NM $22.12 (last sold 19.99, 19.00, 17.00)",1,567474,,2026-05-16,2026-05-18
Rotom ex 126/094 SIR PFL,Phantasmal Flames,$20.52,"NM $22.21 (last sold 27.97, 23.74, 19.55)",1,662222,,2026-05-16,2026-05-18
Rotom V 177/196 Alt Art LOR,Lost Origin,$30.15,"NM $30.58 (last sold 34.16, 29.59, 28.00)",1,284119,,2026-05-16,2026-05-18
Janine's Secret Art 088/064 UR SFA,Shrouded Fable,$6.59,"NM $6.57 (last sold 5.51, 8.00, 6.49)",1,560399,,2026-05-12,2026-05-18
Arven 249/198 SIR SVI,Scarlet & Violet Base Set,$5.70,"NM $5.83 (last sold 5.59, 6.94, 5.40)",1,490292,,2026-05-12,2026-05-18
Teal Mask Ogerpon ex 177/131 HR PRE,Prismatic Evolutions,$13.23,"NM $12.79 (last sold 13.25, 13.04, 11.48)",1,610532,,2026-05-16,2026-05-18
Umbreon ex 161/131 SIR PRE,Prismatic Evolutions,"$1,481.27","NM $1267.66 (last sold 1215.00, 165.95, 1520.00)",1,610516,,,2026-05-18
Pokemon Ranger 113/114 FA STS,Steam Siege,$7.47,"NM $7.89 (last sold 8.24, 7.55)",1,121237,,,2026-05-18
Canari 257/217 UR ASC,Ascended Heroes,$4.09,"NM $3.79 (last sold 3.85, 3.50, 3.00)",3,676069,,,2026-05-18
N's Zoroark ex 189/159 HR JTG,Journey Together,$18.75,"NM $18.33 (last sold 18.31, 17.00, 18.78)",1,623616,,,2026-05-18
Chi-Yu ex 259/193 SIR PAL,Paldea Evolved,$49.37,"NM $48.87 (last sold 47.00, 49.99, 49.50)",1,497678,,2026-05-12,2026-05-18
Walking Wake ex 205/162 SIR TEF,Temporal Forces,$60.35,"NM $67.38 (last sold 72.99, 71.00, 63.00)",1,542926,,2026-05-12,2026-05-18
Lumineon V 156/172 Alt Art BRS,Brilliant Stars,$11.79,"NM $14.62 (last sold 12.49, 15.00, 19.98)",1,263875,,2026-05-12,2026-05-18
Iron Leaves ex 203/162 SIR TEF,Temporal Forces,$31.87,"NM $34.50 (last sold 33.80, 33.70, 35.99)",1,542924,,2026-05-12,2026-05-18
Carmine 217/167 SIR TWM,Twilight Masquerade,$78.58,"NM $80.13 (last sold 87.74, 77.20, 78.00)",1,550261,,2026-05-12,2026-05-18
Bianca's Devotion 209/162 SIR TEF,Temporal Forces,$23.39,"NM $22.52 (last sold 22.98, 21.60, 22.98)",1,542930,,2026-05-16,2026-05-18
Munkidori ex 091/064 SIR SFA,Shrouded Fable,$17.88,"NM $18.02 (last sold 18.64, 17.80, 17.75)",1,560402,,2026-05-16,2026-05-18
Salvatore 212/162 SIR TEF,Temporal Forces,$16.90,"NM $17.69 (last sold 16.95, 12.00, 16.99)",1,542933,,2026-05-16,2026-05-18
Hoopa V - SWSH: Crown Zenith: Galarian Gallery (CRZ:GG) GG53/GG70,,$10.36,"NM $10.25 (last sold 9.50, 10.82, 10.36)",1,477181,,2026-05-16,2026-05-18
Great Tusk ex 246/198 SIR SVI,Scarlet & Violet Base Set,$11.77,"NM $12.72 (last sold 12.00, 14.59, 11.25)",1,490290,,2026-05-16,2026-05-18
Meowscarada ex 256/193 SIR PAL,Paldea Evolved,$32.94,"NM $30.54 (last sold 34.00, 32.99, 19.23)",1,497675,,2026-05-12,2026-05-17
Lt. Surge's Bargain 185/132 SIR MEG,Mega Evolution,$19.48,"NM $18.35 (last sold 19.28, 20.31, 19.14)",3,654524,,2026-05-12,2026-05-18
Scream Tail (Master Ball Pattern) 042/131 PRE,Prismatic Evolutions,$7.03,"NM $7.95 (last sold 7.78, 7.95, 7.65)",1,610665,,2026-05-12,2026-05-18
Penny 239/198 UR SVI,Scarlet & Violet Base Set,$3.85,"NM $4.83 (last sold 4.25, 4.25, 5.82)",2,490097,,2026-05-18,2026-05-18
Janine's Secret Art 173/131 SIR PRE,Prismatic Evolutions,$26.40,"NM $25.34 (last sold 23.99, 25.36, 26.00)",2,610528,,2026-05-12,2026-05-18
Bonnie 128/131 FA SM06,SM - Forbidden Light,$20.75,"NM $27.45 (last sold 21.79, 30.00, 31.00)",1,165766,,2026-05-16,2026-05-18
Magneton 159 SVP,Scarlet & Violet Promo Cards,$7.49,"NM $9.17 (last sold 9.23, 6.30, 11.95)",1,594386,,,2026-05-18
Miraidon ex 253/198 HR SVI,Scarlet & Violet Base Set,$7.09,"NM $5.93 (last sold 5.00, 5.25, 6.49)",1,490043,,,2026-05-18
Lugia VSTAR (Secret) (211) 211 SR SIT,Silver Tempest,$22.23,"NM $26.13 (last sold 27.69, 32.42, 22.68)",1,452009,,,2026-05-18
Giratina VSTAR (201) 201 Rainbow LOR,Lost Origin,$27.15,"NM $22.81 (last sold 22.32, 23.31)",1,284156,,,2026-05-18
Flaaffy (Secret) 280/264 Rainbow SWSH08,Fusion Strike,$6.94,"NM $6.16 (last sold 5.51, 4.99, 6.45)",1,253284,,2026-05-18,2026-05-18
Iron Leaves ex 176/131 HR PRE,SV: Prismatic Evolutions,$5.41,"NM $5.61 (last sold 5.60, 5.36, 5.72)",2,610531,,2026-05-18,2026-05-18
Cynthia's Garchomp ex 241/182 SIR DRI,Destined Rivals,$35.16,"NM $35.82 (last sold 36.99, 34.99, 36.55)",1,633041,,2026-05-12,2026-05-18
Orbeetle V TG12/TG30 UR SWSH11: TG,Lost Origin Trainer Gallery,$4.25,"NM $5.20 (last sold 6.00, 5.49, 3.00)",1,284272,,2026-05-18,2026-05-18
Eternatus V TG21/TG30 UR SWSH11: TG,Lost Origin Trainer Gallery,$5.18,"NM $5.13 (last sold 3.99, 5.79, 4.00)",1,284294,,2026-05-18,2026-05-18
Quagsire 030/147 AQ,Aquapolis,$41.86,"LP $41.40 (last sold 41.40) · MP $51.92 (last sold 68.85, 34.99)",1,88467,,2026-05-16,2026-05-18
Drayton 244/191 SIR SSP,Surging Sparks,$8.23,"NM $9.87 (last sold 15.65, 8.47, 7.57)",1,589925,,2026-05-16,2026-05-18
Steven's Resolve 165/168 FA CES,SM - Celestial Storm,$49.82,"NM $48.65 (last sold 48.67, 48.63)",1,171017,,2026-05-12,2026-05-18
Jynx TG04/TG30 UR SWSH12: TG,Silver Tempest Trainer Gallery,$3.25,"NM $3.10 (last sold 2.50, 3.17, 2.73)",1,452018,,2026-05-18,2026-05-18
Miltank GG24/GG70 UR CRZ:GG,SWSH: Crown Zenith: Galarian Gallery,$13.92,"NM $12.87 (last sold 13.00, 12.00, 13.85)",1,478043,,2026-05-18,2026-05-18
Hisuian Arcanine TG08/TG30 UR SWSH11: TG,Lost Origin Trainer Gallery,$5.29,"NM $6.46 (last sold 4.95, 5.84, 5.18)",1,284268,,2026-05-18,2026-05-18
Gumshoos 153/132 IR MEG,ME01: Mega Evolution,$4.32,"NM $3.69 (last sold 3.00, 3.00, 3.51)",1,654492,,2026-05-18,2026-05-18
Crabominable 149/142 IR SCR,Stellar Crown,$2.99,"NM $3.01 (last sold 2.55, 2.60, 3.05)",1,567431,,2026-05-18,2026-05-18
Espathra 197/182 IR PAR,Paradox Rift,$7.74,"NM $7.65 (last sold 8.00, 7.00, 6.60)",1,523878,,2026-05-18,2026-05-18
Fan Rotom 250/217 IR ASC,Ascended Heroes,$4.77,"NM $4.23 (last sold 3.50, 4.00, 3.69)",1,676062,,2026-05-16,2026-05-18
Riolu - SWSH: Crown Zenith: Galarian Gallery (CRZ:GG) GG26/GG70 CRZ:GG,,$12.10,"NM $12.17 (last sold 10.00, 15.79, 10.71)",2,478045,,2026-05-16,2026-05-18
Snom 168/162 IR TEF,Temporal Forces,$14.86,"NM $13.50 (last sold 14.51, 15.00, 12.99)",1,542889,,2026-05-18,2026-05-18
Basculin 108/086 IR WHT,White Flare,$6.16,"NM $6.01 (last sold 5.45, 6.49, 6.49)",1,642220,,2026-05-12,2026-05-18
Teal Mask Ogerpon 123 Promo SVP,SV: Scarlet & Violet Promo Cards,$1.73,"NM $1.40 (last sold 1.75, 1.23, 0.98)",2,552785,,2026-05-18,2026-05-18
Noctowl 141 (Pokemon Center Exclusive) Promo SVP,SV: Scarlet & Violet Promo Cards,$36.96,"NM $35.35 (last sold 35.89, 37.16, 36.00)",1,578812,,2026-05-18,2026-05-18
Nemona 238/091 SIR PAF,Paldean Fates,$6.92,"NM $7.34 (last sold 6.53, 8.49, 7.00)",4,535104,,2026-05-12,2026-05-18
Arven 235/091 SIR PAF,Paldean Fates,$9.05,"NM $10.01 (last sold 9.66, 10.00, 10.19)",1,535095,,2026-05-12,2026-05-18
Mega Diancie ex 267/217 Mega Attack Rare ASC,Ascended Heroes,$11.20,"NM $11.28 (last sold 11.22, 12.00, 10.94)",1,676079,,2026-05-12,2026-05-18
Archaludon ex 241/191 SIR SSP,Surging Sparks,$13.15,"NM $14.91 (last sold 15.99, 13.84)",1,589869,,2026-05-12,2026-05-18
Noctowl (Master Ball Pattern) 078/131 PRE,Prismatic Evolutions,$8.46,"NM $8.94 (last sold 8.00, 9.86, 8.96)",1,610693,,2026-05-12,2026-05-18
Amarys 132/131 UR PRE,Prismatic Evolutions,$0.77,"NM $0.66 (last sold 0.50, 0.65, 0.60)",1,610487,,,2026-05-18
Mega Hawlucha ex 268/217 Mega Attack Rare ASC,Ascended Heroes,$8.78,"NM $8.51 (last sold 8.68, 8.00, 7.85)",1,676080,,,2026-05-18
Fraxure 146/086 IR BLK,Black Bolt,$18.91,"NM $20.67 (last sold 20.00, 17.99, 21.75)",1,642600,,2026-05-12,2026-05-18
Omanyte 180/165 IR MEW,Scarlet & Violet 151,$18.66,"NM $18.69 (last sold 22.43, 17.39, 16.25)",1,517031,,2026-05-12,2026-05-18
Victini 208 SVP,Scarlet & Violet Promo Cards,$15.73,"NM $15.65 (last sold 15.67, 14.99, 15.66)",4,646169,,2026-05-12,2026-05-18
Chimecho 179/167 IR TWM,Twilight Masquerade,$4.93,"NM $5.17 (last sold 4.88, 5.00, 5.91)",1,550223,,2026-05-12,2026-05-18
Flamigo 227/193 IR PAL,Paldea Evolved,$10.83,"NM $11.62 (last sold 12.23, 11.00)",2,497630,,2026-05-16,2026-05-18
Eevee 173 SVP,Scarlet & Violet Promo Cards,$103.76,"NM $111.81 (last sold 94.00, 119.99, 118.27)",1,610757,,2026-05-12,2026-05-18
Electivire - SWSH: Crown Zenith: Galarian Gallery (CRZ:GG) GG08/GG70,,$8.53,"NM $10.86 (last sold 7.99, 14.55, 11.07)",1,478025,,2026-05-16,2026-05-18
Rockruff - SWSH12: Silver Tempest Trainer Gallery (SWSH12: TG) TG07/TG30,,$5.01,"NM $4.90 (last sold 4.99, 4.49, 5.05)",1,452021,,2026-05-16,2026-05-18
Kingdra (Alpha) 108/160 Holo Rare PRC,XY - Primal Clash,$2.15,"NM $15.25 (last sold 11.91, 11.44, 22.40)",1,96006,,2026-05-16,2026-05-18
Gimmighoul 198/182 IR PAR,Paradox Rift,$11.32,"NM $15.67 (last sold 13.54, 17.81)",1,523879,,2026-05-12,2026-05-18
Meditite 153/142 IR SCR,Stellar Crown,$8.12,"NM $8.39 (last sold 11.10, 8.10, 7.83)",1,567436,,2026-05-16,2026-05-18
Skwovet 222/198 IR SVI,Scarlet & Violet Base Set,$7.87,"NM $6.68 (last sold 8.00, 7.48, 5.73)",3,490080,,2026-05-12,2026-05-18
Cottonee 090/086 IR WHT,White Flare,$7.33,"NM $7.12 (last sold 7.35, 6.69, 6.69)",1,642205,,2026-05-12,2026-05-18
Archen 131/086 IR WHT,White Flare,$6.68,"NM $6.74 (last sold 6.25, 8.29, 6.20)",1,642244,,2026-05-12,2026-05-18
Kirlia 212/198 IR SVI,Scarlet & Violet Base Set,$47.87,"NM $47.94 (last sold 50.76, 53.06, 39.99)",1,490072,,2026-05-12,2026-05-18
Swablu 213/182 IR PAR,Paradox Rift,$27.63,"NM $29.29 (last sold 27.50, 35.36, 25.00)",1,523894,,2026-05-16,2026-05-18
Loudred 212/182 IR PAR,Paradox Rift,$17.91,"NM $16.93 (last sold 15.45, 16.05, 19.28)",1,523893,,2026-05-16,2026-05-18
Floragato 197/193 IR PAL,Paldea Evolved,$20.91,"NM $22.86 (last sold 18.10, 25.49, 24.99)",1,497600,,2026-05-12,2026-05-18
Torkoal 237/236 Rainbow SM12,SM - Cosmic Eclipse,$9.43,"NM $12.21 (last sold 12.08, 15.00, 11.47)",1,201348,,2026-05-16,2026-05-18
Gallade 244/236 Rainbow SM12,SM - Cosmic Eclipse,$10.74,"NM $12.75 (last sold 11.00, 12.00, 13.99)",1,201355,,2026-05-16,2026-05-18
Scraggy 138/086 IR WHT,White Flare,$11.44,"NM $16.31 (last sold 15.00, 16.55, 15.00)",2,642251,,2026-05-12,2026-05-18
Lampent 102/086 IR WHT,White Flare,$12.49,"NM $12.73 (last sold 12.30, 13.65, 12.50)",1,642550,,2026-05-12,2026-05-18
Simipour 102/086 IR BLK,Black Bolt,$8.16,"NM $8.45 (last sold 9.19, 9.00, 7.51)",1,642555,,2026-05-16,2026-05-18
Mabosstiff 218/198 IR SVI,Scarlet & Violet Base Set,$5.49,"NM $5.94 (last sold 6.20, 6.20, 5.54)",1,490076,,2026-05-12,2026-05-18
Yveltal 205/182 IR PAR,Paradox Rift,$27.03,NM $35.00 (last sold 35.00),1,523886,,2026-05-16,2026-05-18
Mesprit 204/191 IR SSP,Surging Sparks,$12.55,"NM $12.10 (last sold 10.65, 12.43, 11.75)",1,590003,,2026-05-16,2026-05-18
Dondozo 207/198 IR SVI,Scarlet & Violet Base Set,$14.53,"NM $13.50 (last sold 13.00, 13.99)",1,487060,,2026-05-16,2026-05-18
Scorbunny 225/217 IR ASC,Ascended Heroes,$12.42,"NM $12.90 (last sold 13.39, 12.93, 13.17)",2,676037,,2026-05-16,2026-05-18
Garbodor 204/182 IR PAR,Paradox Rift,$15.78,"NM $17.72 (last sold 18.99, 16.45)",1,523885,,2026-05-16,2026-05-18
Miraidon 013 SVP,Scarlet & Violet Promo Cards,$6.32,"NM $7.79 (last sold 7.45, 9.43, 8.50)",1,490719,,2026-05-16,2026-05-18
Larvesta 099/086 IR BLK,Black Bolt,$9.74,"NM $13.33 (last sold 13.71, 13.00, 12.00)",2,642552,,2026-05-12,2026-05-18
Bisharp 143/086 IR BLK,Black Bolt,$9.10,"NM $9.99 (last sold 9.22, 7.68, 8.42)",1,642597,,2026-05-16,2026-05-18
Rocket's Zapdos 15/132 Classic Collection CCC,Classic Collection,$3.92,"NM $4.96 (last sold 4.00, 5.72, 5.00)",1,250324,,2026-05-16,2026-05-18
Sudowoodo 219/193 IR PAL,Paldea Evolved,$17.19,"NM $30.42 (last sold 34.97, 30.00, 26.29)",2,497622,,2026-05-12,2026-05-18
Armarouge 203/198 IR SVI,Scarlet & Violet Base Set,$14.68,NM $15.91 (last sold 15.91),1,490063,,2026-05-16,2026-05-18
Relicanth 173/162 IR TEF,Temporal Forces,$10.94,"NM $10.97 (last sold 8.31, 11.95, 9.63)",1,542894,,2026-05-16,2026-05-18
Cofagrigus 123/086 IR WHT,White Flare,$19.69,"NM $19.31 (last sold 20.63, 18.24, 19.67)",1,642235,,2026-05-16,2026-05-18
Kingambit 220/198 IR SVI,Scarlet & Violet Base Set,$10.07,"NM $9.77 (last sold 9.27, 10.00, 9.39)",1,490078,,2026-05-16,2026-05-18
Crustle 183/182 IR PAR,Paradox Rift,$5.22,"NM $6.24 (last sold 5.75, 6.96, 6.00)",1,523864,,,2026-05-18
Lairon 184/167 IR TWM,Twilight Masquerade,$5.37,"NM $5.35 (last sold 4.00, 5.88, 4.90)",1,550228,,2026-05-16,2026-05-18
Pawniard 142/086 IR BLK,Black Bolt,$6.55,"NM $6.72 (last sold 6.60, 6.44, 7.25)",1,642596,,2026-05-16,2026-05-18
Weavile 228/217 IR ASC,Ascended Heroes,$7.44,"NM $7.58 (last sold 9.50, 7.80, 7.08)",1,676040,,2026-05-12,2026-05-18
Amoonguss 096/086 IR BLK,Black Bolt,$37.29,"NM $38.74 (last sold 37.99, 38.98, 37.98)",1,642545,,2026-05-12,2026-05-18
Carbink 242/217 IR ASC,Ascended Heroes,$5.33,"NM $4.78 (last sold 4.00, 5.25, 5.25)",1,676054,,,2026-05-18
Bulbasaur 133/132 IR MCAP,133/132 (Mega Evolution Stamped) - Miscellaneous Cards & Products,$25.98,"NM $25.68 (last sold 29.04, 23.99, 24.00)",1,654703,,,2026-05-18
N's Zekrom 031 MEP,Mega Evolution Promo,$84.24,"NM $135.00 (last sold 135.00, 135.00)",1,680481,,,2026-05-18
Galarian Obstagoon 245/217 IR ASC,Ascended Heroes,$3.81,"NM $3.12 (last sold 4.02, 2.31, 2.31)",3,676057,,,2026-05-18
Giacomo 138/131 UR PRE,SV: Prismatic Evolutions,$0.50,"NM $0.55 (last sold 0.50, 0.23, 0.64)",1,610493,,2026-05-18,2026-05-18
Temple of Sinnoh (Secret) 214/189 Rainbow SWSH10,Astral Radiance,$4.41,"NM $4.66 (last sold 4.99, 4.70, 5.99)",1,272469,,2026-05-18,2026-05-18
Dhelmise VMAX 010/072 UR SHF,Shining Fates,$1.61,"NM $1.49 (last sold 1.66, 1.63, 1.67)",1,232380,,2026-05-18,2026-05-18
Galarian Perrserker SWSH008 SWSD,Sword & Shield Promo Cards,$4.77,"NM $5.46 (last sold 4.49, 6.85, 6.74)",2,208265,,,2026-05-18
Switch 206/165 HR MEW,SV: Scarlet & Violet 151,$2.96,"NM $2.87 (last sold 3.05, 3.51, 3.51)",1,517052,,2026-05-18,2026-05-18
Mew 011/025 Holo Rare CLB,Celebrations,$1.39,"NM $4.12 (last sold 4.33, 4.61, 4.80)",6,250309,,2026-05-16,2026-05-18
Arbok ex 185/165 UR MEW,SV: Scarlet & Violet 151,$9.91,"NM $7.97 (last sold 8.90, 6.75, 6.75)",1,517014,,2026-05-18,2026-05-18
Cufant SV090/SV122 SHFSV,Shining Fates: Shiny Vault,$2.07,"NM $2.51 (last sold 2.23, 2.73, 1.97)",1,232474,,2026-05-18,2026-05-18
Carkol SV068/SV122 SHFSV,Shiny Vault,$1.48,"NM $1.50 (last sold 1.48, 1.50, 1.47)",1,232439,,,2026-05-18
Vibrava 206/191 IR SSP,Surging Sparks,$3.23,"NM $3.39 (last sold 3.10, 3.20, 3.50)",1,590086,,,2026-05-18
Tyme 143/131 UR PRE,Prismatic Evolutions,$0.53,"NM $0.53 (last sold 0.50, 0.53, 0.64)",1,610498,,,2026-05-18
Explorer's Guidance 200/162 UR TEF,Temporal Forces,$1.60,"NM $1.53 (last sold 1.31, 1.25, 1.61)",1,542921,,,2026-05-18
Spiky Energy 190/159 HR JTG,Journey Together,$6.38,"NM $6.68 (last sold 5.20, 4.68, 14.90)",1,623617,,,2026-05-18
Claydol 15/106 Classic Collection CCC,Classic Collection,$0.37,"NM $0.38 (last sold 0.38, 0.38, 0.50)",1,250333,,,2026-05-18
Dawn 118/094 UR PFL,Phantasmal Flames,$6.81,"NM $6.45 (last sold 7.49, 6.99, 5.91)",1,662149,,,2026-05-18
Slowking (Master Ball Pattern) 019/131 PRE,Prismatic Evolutions,$1.64,"NM $1.66 (last sold 1.63, 1.59, 1.62)",1,610650,,,2026-05-18
Cobalion GX 168/181 FA SM9,Team Up,$3.76,NM $9.51 (last sold 9.51),1,183889,,,2026-05-18
Flapple - SWSH10: Astral Radiance Trainer Gallery (SWSH10:TG) TG02/TG30 SWSH10:TG,,$3.23,"NM $3.30 (last sold 3.09, 3.13, 4.72)",1,272473,,,2026-05-18
Dewgong 097/094 IR PFL,Phantasmal Flames,$4.89,"NM $4.72 (last sold 3.44, 5.10, 5.45)",1,662152,,,2026-05-18
Silvally GX 90/111 UR SM04,Crimson Invasion,$3.10,"NM $2.51 (last sold 2.89, 2.38, 2.25)",1,149115,,,2026-05-18
Ortega 141/131 UR PRE,Prismatic Evolutions,$0.62,"NM $0.65 (last sold 0.55, 0.80, 0.50)",2,610496,,,2026-05-18
Erika's Invitation 196/165 UR MEW,Scarlet & Violet 151,$10.31,"NM $10.60 (last sold 10.30, 13.07, 11.02)",1,517176,,,2026-05-18
Rillaboom VMAX SV106/SV122 SHFSV,Shiny Vault,$2.41,"NM $2.56 (last sold 1.99, 2.98, 2.64)",1,232495,,,2026-05-18
Glaceon ex 026/131 Promo MCAP,026/131 (Prismatic Evolutions Stamp) - Miscellaneous Cards & Products,$5.87,"NM $5.42 (last sold 5.69, 5.06, 5.70)",1,618108,,,2026-05-18
Togekiss VMAX 141/185 UR VIV,Vivid Voltage,$2.01,"NM $1.82 (last sold 1.79, 1.94, 1.70)",1,226598,,,2026-05-18
Togedemaru 104/094 IR PFL,Phantasmal Flames,$2.36,"NM $2.59 (last sold 2.54, 2.54, 3.00)",2,662233,,,2026-05-18
Togekiss 235/217 IR ASC,Ascended Heroes,$6.78,"NM $6.46 (last sold 5.56, 5.56, 6.99)",1,676047,,,2026-05-18
Wigglytuff ex 187/165 UR MEW,Scarlet & Violet 151,$10.34,"NM $9.27 (last sold 9.50, 9.79, 8.99)",1,517039,,,2026-05-18
Zacian 100/094 IR PFL,Phantasmal Flames,$3.69,"NM $3.87 (last sold 3.50, 3.86, 3.75)",2,662245,,,2026-05-18
Spiritomb 148/132 IR MEG,Mega Evolution,$2.50,"NM $2.51 (last sold 1.75, 3.39, 1.80)",1,654487,,,2026-05-18
Snover 140/132 IR MEG,Mega Evolution,$2.23,"NM $2.83 (last sold 3.24, 2.99, 2.35)",1,654479,,,2026-05-18
Duraludon (Master Ball Pattern) 069/131 PRE,Prismatic Evolutions,$2.04,"NM $2.87 (last sold 2.08, 1.80, 4.74)",1,610687,,,2026-05-18
Hippopotas (Master Ball Pattern) 052/131 PRE,Prismatic Evolutions,$1.21,"NM $1.34 (last sold 1.10, 1.00, 2.00)",1,610674,,2026-05-16,2026-05-18
Wondrous Patch ME03 UR POR,Perfect Order,$4.50,"NM $4.35 (last sold 4.08, 5.00, 3.35)",3,684331,,2026-05-16,2026-05-18
Frosmoth SWSH007 SWSD,Sword & Shield Promo Cards,$5.66,"NM $5.26 (last sold 5.09, 5.59, 5.09)",1,208262,,2026-05-16,2026-05-18
Kecleon 213/191 IR SSP,Surging Sparks,$6.79,"NM $6.05 (last sold 4.99, 5.50, 7.00)",1,589975,,2026-05-18,2026-05-18
Bill's Transfer 194/165 UR MEW,SV: Scarlet & Violet 151,$4.50,"NM $3.80 (last sold 3.25, 4.88, 4.29)",1,517041,,2026-05-18,2026-05-18
Single Strike Energy (Secret) 183/163 Rainbow SWSH05,Battle Styles,$2.52,"NM $2.41 (last sold 2.67, 2.50, 2.36)",1,234109,,2026-05-18,2026-05-18
Tornadus 210 Promo SVP,SV: Scarlet & Violet Promo Cards,$1.45,"NM $1.45 (last sold 0.90, 1.91, 1.00)",1,644835,,2026-05-18,2026-05-18
Ambipom 107/094 IR PFL,ME02: Phantasmal Flames,$1.98,"NM $2.51 (last sold 2.50, 4.59, 2.16)",1,662128,,2026-05-18,2026-05-18
Rapid Strike Style Mustard (Secret) 176/163 Rainbow SWSH05,Battle Styles,$3.85,"NM $4.45 (last sold 3.75, 5.57, 4.99)",1,234100,,2026-05-18,2026-05-18
Blanche SWSH227 Promo SWSD,SWSH: Sword & Shield Promo Cards,$2.40,"NM $2.73 (last sold 2.50, 1.99, 2.55)",1,270721,,2026-05-18,2026-05-18
Zamazenta V (Shiny) SWSH293 SWSD,Sword & Shield Promo Cards,$3.33,"NM $4.02 (last sold 4.99, 3.30, 3.76)",1,477064,,2026-05-16,2026-05-18
Cynthia's Garchomp ex 215/182 UR DRI,Destined Rivals,$5.93,"NM $6.56 (last sold 8.70, 5.80, 4.49)",1,633015,,2026-05-16,2026-05-18
Vikavolt V 180/189 FA DAA,Darkness Ablaze,$1.77,"NM $1.25 (last sold 1.00, 1.99, 0.99)",1,219301,,2026-05-16,2026-05-18
Mystery Garden 172/132 UR MEG,Mega Evolution,$1.21,"NM $1.13 (last sold 0.59, 1.49, 1.00)",2,654511,,2026-05-16,2026-05-18
Exeggcute (Master Ball Pattern) 001/131 PRE,Prismatic Evolutions,$1.43,"NM $1.45 (last sold 1.43, 1.50, 1.00)",1,610637,,,2026-05-18
Sacred Charm 122/094 UR PFL,Phantasmal Flames,$0.73,"NM $0.74 (last sold 0.66, 0.67, 0.64)",5,662224,,,2026-05-18
Doublade 067 MEP,Mega Evolution Promo,$8.18,"NM $11.82 (last sold 10.74, 12.91)",1,685497,,,2026-05-18
Lillie's Ribombee 183 SVP,Scarlet & Violet Promo Cards,$5.06,"NM $5.30 (last sold 5.00, 5.96, 4.96)",1,623235,,2026-05-16,2026-05-18
Dhelmise V (Full Art) 187/202 UR SWSH01,Sword & Shield Base Set,$3.60,"NM $3.78 (last sold 3.70, 4.05, 3.43)",1,208385,,2026-05-18,2026-05-18
Boltund V (Full Art) 249/264 UR SWSH08,Fusion Strike,$2.22,"NM $2.12 (last sold 2.00, 3.00, 1.77)",2,253144,,2026-05-18,2026-05-18
Team Rocket's Ariana 237/182 SIR DRI,Destined Rivals,$29.39,"NM $29.73 (last sold 28.00, 31.49, 29.21)",3,633037,,2026-05-12,2026-05-18
Swinub 165/159 IR JTG,Journey Together,$2.84,"NM $2.50 (last sold 1.15, 3.00, 3.33)",1,623592,,2026-05-18,2026-05-18
Sandy Shocks ex 228/182 UR PAR,Paradox Rift,$2.04,"NM $2.17 (last sold 2.05, 2.30)",1,523909,,2026-05-18,2026-05-18
Shauna (Full Art) 263/264 UR SWSH08,Fusion Strike,$3.64,"NM $3.96 (last sold 3.58, 4.49, 4.15)",2,253165,,2026-05-18,2026-05-18
Munkidori ex 083/064 UR SFA,SV: Shrouded Fable,$2.07,"NM $2.33 (last sold 2.70, 2.40, 2.30)",1,560394,,2026-05-18,2026-05-18
Houndstone 145/132 IR MEG,ME01: Mega Evolution,$2.44,"NM $1.73 (last sold 1.75, 2.40, 1.49)",1,654484,,2026-05-18,2026-05-18
Alolan Exeggutor GX (Full Art) SM UR SM04,Crimson Invasion,$8.46,"NM $4.83 (last sold 4.00, 4.50, 5.99)",1,149138,,2026-05-18,2026-05-18
Eri 199/162 UR TEF,Temporal Forces,$2.38,"NM $2.70 (last sold 2.00, 2.97, 3.00)",1,542920,,2026-05-18,2026-05-18
Wo-Chien ex 232/193 UR PAL,Paldea Evolved,$0.90,"NM $1.19 (last sold 1.09, 1.57, 1.00)",1,497637,,2026-05-18,2026-05-18
Brassius 135/131 UR PRE,SV: Prismatic Evolutions,$0.65,"NM $0.56 (last sold 0.66, 0.21, 0.66)",1,610490,,2026-05-18,2026-05-18
Counter Gain 249/191 HR SSP,Surging Sparks,$3.67,"NM $3.29 (last sold 3.80, 3.74, 2.89)",1,593856,,2026-05-18,2026-05-18
Lucian 208/167 UR TWM,Twilight Masquerade,$1.73,"NM $1.82 (last sold 2.14, 1.19, 1.20)",1,550252,,2026-05-18,2026-05-18
Training Court (Secret) 282/264 Rainbow SWSH08,Fusion Strike,$2.36,,1,253286,,2026-05-18,2026-05-18
M Slowbro EX XY UR EVO,Evolutions,$10.15,"NM $9.48 (last sold 8.60, 10.00, 8.60)",1,124040,,2026-05-18,2026-05-18
Meowth ex 062/088 POR,ME03: Perfect Order,$4.27,"NM $4.76 (last sold 4.59, 5.88, 4.71)",1,684340,,2026-05-18,2026-05-18
Mega Froslass ex 265/217 Mega Attack Rare ASC,Ascended Heroes,$17.57,"NM $16.86 (last sold 16.49, 16.28, 17.80)",2,676077,,2026-05-12,2026-05-18
Beheeyem 121/086 IR BLK,SV: Black Bolt,$5.46,"NM $5.64 (last sold 6.41, 5.35, 6.22)",1,642576,,2026-05-18,2026-05-18
Cramorant V SWSH086 Promo SWSD,SWSH: Sword & Shield Promo Cards,$0.95,"NM $0.85 (last sold 0.71, 0.99, 1.13)",1,232503,,2026-05-18,2026-05-18
Reuniclus (Master Ball Pattern) 039/086 BLK,SV: Black Bolt,$12.47,"NM $12.34 (last sold 11.92, 12.50, 11.00)",1,642662,,2026-05-18,2026-05-18
Quaxwell 207/193 IR PAL,Paldea Evolved,$9.89,"NM $9.46 (last sold 6.94, 9.45, 11.98)",1,497610,,2026-05-18,2026-05-18
Grusha 268/193 SIR PAL,Paldea Evolved,$17.67,"NM $17.64 (last sold 17.64, 18.51, 19.00)",1,497688,,2026-05-18,2026-05-18
Opal TG28/TG30 UR SWSH11: TG,Lost Origin Trainer Gallery,$1.71,"NM $1.82 (last sold 1.25, 1.78, 1.82)",1,284301,,2026-05-18,2026-05-18
Pidgeotto 197/091 Shiny PAF,Paldean Fates,$5.63,"NM $6.86 (last sold 7.00, 9.99, 4.45)",1,535165,,2026-05-16,2026-05-18
Ralts 153/091 Shiny PAF,SV: Paldean Fates,$10.74,"NM $10.27 (last sold 9.99, 10.52, 10.59)",1,534650,,2026-05-18,2026-05-18
Scyther 095/091 Shiny PAF,Paldean Fates,$10.54,"NM $10.24 (last sold 14.89, 10.52, 5.39)",1,534463,,2026-05-16,2026-05-18
Koga's Pidgeotto 027/132 G2,Gym Challenge,$4.96,"NM $19.61 (last sold 19.61) · MP $8.00 (last sold 7.00, 8.99) · HP $5.81 (last sold 5.81)",1,86515,,2026-05-18,2026-05-18
M Aerodactyl EX XY98 Promo PR,XY Promos,$4.29,"NM $23.95 (last sold 23.95) · LP $16.51 (last sold 18.50, 14.52) · MP $7.00 (last sold 7.00)",1,114008,,2026-05-18,2026-05-18
Team Rocket's Giovanni 225/182 UR DRI,Destined Rivals,$10.22,"NM $10.92 (last sold 11.49, 10.70, 10.70)",1,633025,,2026-05-18,2026-05-18
Poke Kid (Full Art) 070/072 UR SHF,Shining Fates,$7.42,"NM $9.33 (last sold 11.45, 9.53, 7.00)",1,232531,,2026-05-18,2026-05-18
Whimsicott (Master Ball Pattern) 008/131 PRE,Prismatic Evolutions,$11.90,"NM $12.06 (last sold 12.99, 10.79, 12.98)",2,610643,,2026-05-12,2026-05-18
Gardenia's Vigor (Full Art) 184/189 UR SWSH10,Astral Radiance,$8.35,"NM $7.12 (last sold 6.00, 7.99, 7.00)",1,272434,,2026-05-18,2026-05-18
Golem ex 189/165 UR MEW,Scarlet & Violet 151,$8.06,"NM $10.28 (last sold 12.50, 12.50, 7.68)",1,517021,,2026-05-12,2026-05-18
Pecharunt ex 085/064 UR SFA,Shrouded Fable,$6.58,"NM $7.33 (last sold 6.50, 6.88, 6.28)",1,560396,,2026-05-16,2026-05-18
Air Balloon 166/132 UR MEG,ME01: Mega Evolution,$2.56,"NM $3.09 (last sold 2.42, 3.95, 2.98)",1,654505,,2026-05-18,2026-05-18
Team Yell Grunt (Secret) 210/202 Rainbow SWSH01,Sword & Shield Base Set,$3.80,"NM $4.77 (last sold 4.50, 5.03)",1,208519,,2026-05-18,2026-05-18
Mega Signal 171/132 UR MEG,ME01: Mega Evolution,$1.49,"NM $1.27 (last sold 1.41, 0.74, 1.33)",2,654510,,2026-05-18,2026-05-18
Doublade 098/088 IR POR,Perfect Order,$3.16,"NM $2.92 (last sold 2.40, 3.00, 2.50)",1,684380,,2026-05-16,2026-05-18
Choice Belt (Secret) 211/189 Rainbow SWSH10,Astral Radiance,$2.74,"NM $3.33 (last sold 3.39, 4.98, 2.61)",1,272466,,2026-05-18,2026-05-18
Power Tablet (Secret) 281/264 Rainbow SWSH08,Fusion Strike,$1.83,"NM $1.88 (last sold 2.24, 1.85, 1.65)",2,253285,,2026-05-18,2026-05-18
Rugged Helmet (Secret) 228/198 Rainbow SWSH06,Chilling Reign,$2.24,"NM $2.56 (last sold 2.39, 2.39, 2.52)",1,241860,,2026-05-18,2026-05-18
Tsareena V (Full Art) 246/264 UR SWSH08,Fusion Strike,$1.72,"NM $1.82 (last sold 1.99, 1.69, 1.97)",1,253139,,2026-05-18,2026-05-18
Rare Candy 175/132 UR MEG,ME01: Mega Evolution,$3.49,"NM $6.05 (last sold 3.25, 4.25, 8.93)",1,654514,,2026-05-18,2026-05-18
Lunala GX 66/149 UR SM01,SM Base Set,$2.51,"NM $2.83 (last sold 2.49, 3.17)",1,126937,,2026-05-18,2026-05-18
Blowtorch 117/094 UR PFL,ME02: Phantasmal Flames,$1.18,"NM $1.49 (last sold 1.05, 1.53, 0.91)",1,662133,,2026-05-18,2026-05-18
M Pidgeot EX 65/108 UR EVO,XY - Evolutions,$4.99,"NM $5.08 (last sold 5.00, 5.15)",1,124078,,2026-05-12,2026-05-18
Rayquaza V SWSH147 SWSD,Sword & Shield Promo Cards,$9.85,"NM $19.48 (last sold 19.00, 19.92, 19.52)",1,250577,,2026-05-12,2026-05-18