Name,Set,Market $,Prices,Qty,TCG ID,Location,Date
Mew 011/025 Holo Rare CLB,Celebrations,$1.71,"NM $4.49 (last sold 3.99, 3.00, 4.17)",6,250309,,2026-05-12
Zygarde GX 73/131 TCG SM06,SM - Forbidden Light,$8.89,"NM $11.43 (last sold 10.19, 11.39, 10.74)",1,165725,,2026-05-12
Raichu 10/123 Holo Rare HS,HeartGold SoulSilver,$4.62,"NM $31.90 (last sold 30.00, 39.94, 21.99) · LP $19.07 (last sold 19.99, 17.99, 18.31) · MP $9.47 (last sold 11.00, 8.62, 8.08) · HP no recent (sold 6.39 on 4/3) · eBay $20.40 (last sold 16.00, 18.99, 3.95)",1,88517,,2026-05-12
Drayton 244/191 SIR SSP,Surging Sparks,$8.11,"NM $8.11 (last sold 8.15, 7.00, 8.13)",1,589925,,2026-05-12
Pecharunt ex 085/064 UR SFA,Shrouded Fable,$6.83,"NM $6.65 (last sold 7.95, 4.50, 4.46)",1,560396,,2026-05-12
Riolu - SWSH: Crown Zenith: Galarian Gallery (CRZ:GG) GG26/GG70 CRZ:GG,,$10.10,"NM $11.77 (last sold 11.82, 10.38, 12.98)",2,478045,,2026-05-12
Vivillon 193/191 IR SSP,Surging Sparks,$4.49,"NM $4.29 (last sold 5.00, 3.50, 4.06)",1,590090,,2026-05-12
Fan Rotom 250/217 IR ASC,Ascended Heroes,$3.89,"NM $3.92 (last sold 4.79, 3.78, 3.78)",1,676062,,2026-05-12
Quagsire 030/147 AQ,Aquapolis,$41.89,"NM $48.74 (last sold 48.74) · LP $40.29 (last sold 40.29) · MP $35.00 (last sold 35.00) · HP $37.50 (last sold 25.00, 49.99) · eBay $50.43 (last sold 1.49, 100.00, 40.65)",1,88467,,2026-05-12
Bianca's Devotion 209/162 SIR TEF,Temporal Forces,$21.41,"NM $22.50 (last sold 26.32, 21.79, 22.56)",1,542930,,2026-05-12
Scorbunny 225/217 IR ASC,Ascended Heroes,$12.22,"NM $12.61 (last sold 12.58, 11.62, 13.17)",2,676037,,2026-05-12
Larvesta 099/086 IR BLK,Black Bolt,$11.73,"NM $11.67 (last sold 13.93, 13.41, 11.50)",2,642552,,2026-05-12
Great Tusk ex 246/198 SIR SVI,Scarlet & Violet Base Set,$10.75,"NM $10.81 (last sold 10.50, 11.99, 10.55)",1,490290,,2026-05-12
Jirachi 119/185 AR VIV,Vivid Voltage,$6.34,"NM $10.16 (last sold 13.28, 8.99, 8.48)",2,226573,,2026-05-12
Electivire - SWSH: Crown Zenith: Galarian Gallery (CRZ:GG) GG08/GG70,,$10.25,"NM $10.10 (last sold 8.50, 10.48, 8.50)",2,478025,,2026-05-12
Totodile M - 006/022 - Movie Commemoration Random Pack 006/022 None,,$13.59,,1,613765,,2026-05-12
Piplup M - 007/022 - Movie Commemoration Random Pack 007/022 None,,$27.67,,1,613760,,2026-05-12
Iono's Wattrel 231/217 IR ASC,Ascended Heroes,$11.24,"NM $11.20 (last sold 11.27, 11.99, 12.79)",1,676043,,2026-05-12
Teal Mask Ogerpon ex 177/131 HR PRE,Prismatic Evolutions,$12.70,"NM $12.60 (last sold 12.56, 12.56, 14.00)",1,610532,,2026-05-12
Thievul - SWSH: Crown Zenith: Galarian Gallery (CRZ:GG) GG17/GG70,,$2.79,"NM $2.79 (last sold 3.00, 2.47, 2.65)",1,477056,,2026-05-12
Miraidon 013 SVP,Scarlet & Violet Promo Cards,$6.11,"NM $7.45 (last sold 8.00, 7.50, 6.91)",1,490719,,2026-05-12
Surfing Pikachu 111/108 SR EVO,XY - Evolutions,$10.59,"NM $10.45 (last sold 10.00, 10.00, 10.00)",1,124124,,2026-05-12
Machamp 8/102 Holo Rare PR,8/102 (Base Set Shadowless) - Deck Exclusives,$18.55,"NM $64.74 (last sold 64.74) · LP $58.78 (last sold 65.00, 57.00, 56.55) · MP $52.45 (last sold 60.43, 65.89, 41.90) · HP $28.28 (last sold 36.50, 24.99, 25.98) · eBay $38.75 (last sold 30.00, 47.51)",1,107004,,2026-05-12
Dragonite (Pokemon TCG Game Boy Game) - Unnumbered Promotional cards / None,,$102.18,,1,617417,,2026-05-12
Acerola's Mischief - 090/063 - m1S: Mega Symphonia (m1S) 090/063 SAR,,$29.17,,1,647237,,2026-05-12
Tangela - 178/165 - SV2a: Pokemon Card 151 (SV2a) 178/165 Art Rare,,$3.67,,1,566523,,2026-05-12
Caterpie - 172/165 - SV2a: Pokemon Card 151 (SV2a) 172/165 Art Rare,,$3.32,,1,566517,,2026-05-12
Suicune V - 215/172 - S12a: VSTAR Universe (S12a) 215/172 SAR,,$38.99,,1,571753,,2026-05-12
Mr. Mime - 179/165 - SV2a: Pokemon Card 151 (SV2a) 179/165 Art Rare,,$2.49,,2,566524,,2026-05-12
Poliwhirl - 176/165 - SV2a: Pokemon Card 151 (SV2a) 176/165 Art Rare,,$9.39,,1,566521,,2026-05-12
Sylveon VMAX - SWSH09: Brilliant Stars Trainer Gallery (SWSH09:TG) TG15/TG30,,$59.65,"NM $75.01 (last sold 74.85, 74.99, 79.90)",1,264208,,2026-05-12
Moltres (12) 12 Holo Rare FO,Fossil,$61.32,"NM $63.75 (last sold 62.50, 65.00) · LP $47.96 (last sold 59.59, 42.30, 42.00) · MP $37.28 (last sold 34.99, 82.00, 29.99) · HP $24.28 (last sold 22.27, 27.79, 26.74) · eBay $38.83 (last sold 55.00, 40.00, 34.95)",1,44421,,2026-05-12
Eelektross 115/086 IR BLK,Black Bolt,$20.51,"NM $21.02 (last sold 17.36, 17.50, 29.99)",1,642568,,2026-05-12
Skwovet 222/198 IR SVI,Scarlet & Violet Base Set,$4.24,"NM $8.22 (last sold 7.64, 5.99, 5.99)",1,490080,,2026-05-12
Charizard ex 074 SVP,Scarlet & Violet Promo Cards,$23.73,"NM $23.64 (last sold 23.60, 23.80, 22.50)",1,538687,,2026-05-12
Shadow Rider Calyrex V 172/198 Alt Art CRE,Chilling Reign,$23.97,"NM $23.97 (last sold 21.83, 22.79, 23.00)",1,241737,,2026-05-12
Shiftry 163/162 IR TEF,Temporal Forces,$10.51,"NM $10.50 (last sold 10.99, 10.99, 10.00)",1,542884,,2026-05-12
Lampent 102/086 IR WHT,White Flare,$12.76,"NM $12.74 (last sold 12.79, 12.50, 12.50)",2,642550,,2026-05-12
Mabosstiff 218/198 IR SVI,Scarlet & Violet Base Set,$6.26,"NM $6.33 (last sold 3.25, 5.83, 6.42)",1,490076,,2026-05-12
Mienshao 134/086 IR WHT,White Flare,$7.69,"NM $7.71 (last sold 7.30, 7.36, 7.00)",1,642247,,2026-05-12
Simipour 102/086 IR BLK,Black Bolt,$7.83,"NM $7.83 (last sold 7.00, 7.60, 7.59)",1,642555,,2026-05-12
Rapidash 189/182 IR DRI,Destined Rivals,$9.40,"NM $9.43 (last sold 9.64, 5.99, 9.75)",1,632989,,2026-05-12
Team Rocket's Spidops 187/182 IR DRI,Destined Rivals,$6.95,"NM $6.94 (last sold 7.28, 4.41, 9.08)",1,632987,,2026-05-12
Relicanth 173/162 IR TEF,Temporal Forces,$6.88,"NM $10.22 (last sold 9.99, 9.48, 9.49)",1,542894,,2026-05-12
Pidgey 207/197 IR OBF,Obsidian Flames,$18.84,"NM $18.23 (last sold 17.91, 17.44, 19.99)",2,509955,,2026-05-12
Lt. Surge's Bargain 185/132 SIR MEG,Mega Evolution,$18.82,"NM $18.78 (last sold 18.86, 18.92, 19.98)",1,654524,,2026-05-12
Dondozo 207/198 IR SVI,Scarlet & Violet Base Set,$13.26,"NM $13.10 (last sold 12.00, 11.99, 12.87)",1,487060,,2026-05-12
Reshiram GX - Hidden Fates: Shiny Vault (HIF:SV) SV51/SV94,,$51.16,"NM $58.75 (last sold 41.95, 51.26, 49.99)",1,197785,,2026-05-12
Charizard GX 9/68 UR HIF,Hidden Fates,$12.89,"NM $13.43 (last sold 11.50, 12.70, 13.00)",1,197651,,2026-05-12
Raboot 147/142 IR SCR,Stellar Crown,$6.98,"NM $6.98 (last sold 9.03, 7.19, 6.95)",1,567427,,2026-05-12
Cryogonal 111/086 IR BLK,Black Bolt,$5.89,"NM $6.64 (last sold 4.89, 6.04, 7.95)",1,642564,,2026-05-12
Rockruff - SWSH12: Silver Tempest Trainer Gallery (SWSH12: TG) TG07/TG30,,$5.55,"NM $5.08 (last sold 4.69, 5.60, 5.71)",1,452021,,2026-05-12
Okidogi ex 090/064 SIR SFA,Shrouded Fable,$21.55,"NM $21.35 (last sold 21.49, 21.00, 20.83)",1,560401,,2026-05-12
Munkidori ex 091/064 SIR SFA,Shrouded Fable,$17.16,"NM $18.82 (last sold 17.00, 18.00, 16.61)",1,560402,,2026-05-12
Yveltal 205/182 IR PAR,Paradox Rift,$24.19,"NM $24.42 (last sold 20.28, 26.79, 25.66)",1,523886,,2026-05-12
Swablu 213/182 IR PAR,Paradox Rift,$26.64,"NM $27.00 (last sold 28.50, 28.50, 28.15)",2,523894,,2026-05-12
Rotom V 177/196 Alt Art LOR,Lost Origin,$23.08,"NM $30.18 (last sold 27.99, 28.09, 36.39)",1,284119,,2026-05-12
Weedle 87/113 DS,Delta Species,$0.20,"NM $2.96 (last sold 0.40, 0.50, 0.29) · LP $2.27 (last sold 20.00, 0.30, 0.50) · MP $0.32 (last sold 0.29, 0.33, 0.32) · HP $0.23 (last sold 0.23, 0.23) · eBay $21.95 (last sold 25.00, 12.00, 41.00)",1,90543,,2026-05-12
Mantyke 189/182 IR PAR,Paradox Rift,$37.94,"NM $38.17 (last sold 37.17, 37.17, 45.98)",1,523870,,2026-05-12
Alolan Dugtrio 208/191 IR SSP,Surging Sparks,$7.96,"NM $8.01 (last sold 7.45, 6.60, 10.70)",1,589857,,2026-05-12
Meditite 153/142 IR SCR,Stellar Crown,$7.78,"NM $7.99 (last sold 7.80, 6.30, 8.00)",1,567436,,2026-05-12
Mesprit 204/191 IR SSP,Surging Sparks,$11.82,"NM $11.82 (last sold 10.49, 12.00, 10.91)",1,590003,,2026-05-12
Team Rocket's Mewtwo ex 213/182 UR DRI,Destined Rivals,$24.10,"NM $24.19 (last sold 26.96, 26.64, 23.30)",1,633013,,2026-05-12
Charizard ex 215/197 UR OBF,Obsidian Flames,$18.97,"NM $20.36 (last sold 20.35, 20.26, 20.30)",1,509963,,2026-05-12
Salvatore 212/162 SIR TEF,Temporal Forces,$14.95,"NM $15.13 (last sold 18.47, 17.49, 13.13)",1,542933,,2026-05-12
Bonnie 128/131 FA SM06,SM - Forbidden Light,$20.71,"NM $23.47 (last sold 30.00, 31.00, 27.00)",1,165766,,2026-05-12
Nidoking 174/165 Illustration Rare  MEW,Scarlet & Violet 151,$25.05,"NM $24.90 (last sold 18.99, 11.88, 10.89)",1,517029,,2026-05-12
Wally's Compassion 186/132 SIR MEG,Mega Evolution,$23.68,"NM $23.68 (last sold 22.90, 22.96, 23.99)",1,654525,,2026-05-12
Dawn 129/094 SIR PFL,Phantasmal Flames,$31.17,"NM $31.05 (last sold 29.25, 35.00, 34.99)",1,662150,,2026-05-12
Jasmine's Gaze 245/191 SIR SSP,Surging Sparks,$22.36,"NM $22.75 (last sold 19.89, 21.52, 23.00)",1,589973,,2026-05-12
Foongus 095/086 IR BLK,Black Bolt,$15.54,"NM $15.62 (last sold 12.14, 14.30, 15.00)",1,642544,,2026-05-12
Cubchoo 109/086 IR BLK,Black Bolt,$13.89,"NM $13.89 (last sold 13.49, 15.29, 13.94)",1,642562,,2026-05-12
Vanillish 112/086 IR WHT,White Flare,$11.08,"NM $11.13 (last sold 11.01, 10.90, 11.00)",1,642224,,2026-05-12
Mr. Mime 179/165 IR MEW,Scarlet & Violet 151,$17.32,"NM $17.57 (last sold 22.50, 17.04, 15.24)",1,517028,,2026-05-12
Lickitung 180/162 IR TEF,Temporal Forces,$24.16,"NM $24.05 (last sold 22.79, 24.99, 24.00)",1,542901,,2026-05-12
Galvantula ex 168/142 SIR SCR,Stellar Crown,$18.33,"NM $18.53 (last sold 17.30, 19.99, 17.91)",1,567474,,2026-05-12
Giovanni's Charisma 204/165 SIR MEW,Scarlet & Violet 151,$21.35,"NM $21.48 (last sold 18.44, 21.99, 19.44)",1,517050,,2026-05-12
Janine's Secret Art 173/131 SIR PRE,Prismatic Evolutions,$25.73,"NM $25.85 (last sold 25.90, 26.21, 28.70)",1,610528,,2026-05-12
Lycanroc VMAX 213/203 Rainbow EVS,Evolving Skies,$9.49,"NM $9.42 (last sold 9.03, 9.78, 7.69)",1,246714,,2026-05-12
Azumarill 002/111 Holo Rare N1,Neo Genesis,$48.32,"NM $27.53 (last sold 29.99, 35.00, 26.68) · LP $27.30 (last sold 75.23, 18.79, 21.79) · MP $23.69 (last sold 33.00, 31.68, 20.64) · HP $17.85 (last sold 21.59, 16.97, 14.98) · eBay $11.64 (last sold 1.99, 2.99, 7.66)",1,83678,,2026-05-12
Gardevoir - SWSH12: Silver Tempest Trainer Gallery (SWSH12: TG) TG05/TG30,,$7.96,"NM $8.15 (last sold 11.45, 11.49, 11.00)",1,452019,,2026-05-12
Unown (M) M/28 UF,Unseen Forces,$25.07,"NM $56.99 (last sold 56.99) · LP $24.53 (last sold 25.07, 23.99) · MP $16.88 (last sold 16.88) · eBay $21.65 (last sold 19.95, 22.99, 14.75)",1,90180,,2026-05-12
Charizard EX (12) 12 UR FLF,XY - Flashfire,$3.42,"NM $19.02 (last sold 21.99, 17.14, 18.71) · LP $11.66 (last sold 15.36, 9.31, 10.80) · MP $6.78 (last sold 6.80, 6.75, 6.79) · HP $5.33 (last sold 5.85, 5.44, 5.45) · eBay $10.78 (last sold 2.50, 12.41, 5.50)",1,91145,,2026-05-12
Pikachu ex SV02 RR PAL,Paldea Evolved,$3.83,"NM $4.39 (last sold 4.35, 3.68, 2.75)",1,497474,,2026-05-12
M Blastoise EX 30/146 UR XY,XY Base Set,$27.41,"NM $26.40 (last sold 30.02, 30.61, 30.62) · LP $21.87 (last sold 18.49, 20.93, 18.99) · MP $12.01 (last sold 14.53, 9.49) · HP $11.21 (last sold 11.25, 11.17) · eBay $21.21 (last sold 11.92, 25.38, 18.00)",1,86954,,2026-05-12
Dewott 106/086 IR WHT,White Flare,$13.27,"NM $15.68 (last sold 16.20, 15.63, 15.27)",1,642218,,2026-05-12
Alolan Marowak GX SM187 SMP,SM187 - SM Promos,$19.40,"NM $22.04 (last sold 18.74, 19.25, 65.00)",1,185987,,2026-05-12
Charizard ex 056 SVP,Scarlet & Violet Promo Cards,$14.63,"NM $14.65 (last sold 13.00, 13.19, 14.04)",1,521697,,2026-05-12
Pikachu V 157/172 FA BRS,Brilliant Stars,$31.03,"NM $30.63 (last sold 25.00, 25.00, 33.00)",1,263876,,2026-05-12
Morgan 178/181 FA SM9,SM - Team Up,$37.24,"NM $49.43 (last sold 44.99, 47.69, 48.17)",1,183948,,2026-05-12
Venusaur & Snivy GX 1/236 UR SM12,SM - Cosmic Eclipse,$19.27,"NM $22.14 (last sold 22.00, 22.99, 20.99)",1,200350,,2026-05-12
Armarouge 203/198 IR SVI,Scarlet & Violet Base Set,$15.87,"NM $15.96 (last sold 15.00, 14.99, 14.25)",1,490063,,2026-05-12
Rocket's Zapdos 15/132 Classic Collection CCC,Classic Collection,$3.74,"NM $4.33 (last sold 4.27, 4.92, 5.30)",1,250324,,2026-05-12
Meloetta 026 MEP,Mega Evolution Promo,$12.53,"NM $12.60 (last sold 18.50, 9.98, 12.70)",1,659231,,2026-05-12
Shadow Rider Calyrex V - SWSH10: Astral Radiance Trainer Gallery (SWSH10:TG) TG17/TG30,,$8.88,"NM $9.31 (last sold 8.16, 7.47, 7.97)",1,272488,,2026-05-12
Kingambit 220/198 IR SVI,Scarlet & Violet Base Set,$9.53,"NM $9.51 (last sold 9.29, 9.60, 10.28)",1,490078,,2026-05-12
Oricorio ex 024 MEP,Mega Evolution Promo,$13.39,"NM $14.95 (last sold 14.98, 13.99, 13.99)",1,664010,,2026-05-12
Mega Charizard X ex 023 MEP,Mega Evolution Promo,$49.82,"NM $49.98 (last sold 50.00, 46.78, 45.57)",1,659612,,2026-05-12
Kingdra (Alpha) 108/160 Holo Rare PRC,XY - Primal Clash,$2.25,"NM $9.67 (last sold 9.99, 9.83, 10.61)",1,96006,,2026-05-12
Spheal 199/191 IR SSP,Surging Sparks,$9.85,"NM $9.89 (last sold 10.98, 10.00, 9.99)",1,590063,,2026-05-12
Gastly 080/071 Art Rare SV5K,Wild Force,$36.03,,1,568414,,2026-05-12
Jolteon VMAX 051/203 UR EVS,Evolving Skies,$12.88,"NM $13.44 (last sold 10.75, 12.11, 12.00)",1,246760,,2026-05-12
Pawniard 142/086 IR BLK,Black Bolt,$6.29,"NM $6.47 (last sold 6.00, 5.50, 5.77)",1,642596,,2026-05-12
Reshiram (114 Full Art Secret Rare) 114 SR LTR,Legendary Treasures,$69.50,"NM $289.99 (last sold 349.99, 229.99) · LP $225.92 (last sold 257.69, 215.00, 215.00) · MP $132.19 (last sold 132.19) · HP $91.51 (last sold 92.50, 90.52) · eBay $179.40 (last sold 88.99, 253.00, 275.00)",1,88711,,2026-05-12
Pidgeotto 208/197 IR OBF,Obsidian Flames,$11.11,"NM $11.38 (last sold 11.10, 11.51, 11.49)",1,509956,,2026-05-12
Omanyte - 180/165 - SV2a: Pokemon Card 151 (SV2a) 180/165 Art Rare,,$2.78,,2,566525,,2026-05-12
Inteleon SV027/SV122 SHFSV,Shiny Vault,$4.23,"NM $4.40 (last sold 4.99, 4.99, 4.99)",1,232378,,2026-05-12
Baxcalibur 130/091 Shiny PAF,Paldean Fates,$4.64,"NM $4.37 (last sold 4.41, 4.80, 4.99)",1,534521,,2026-05-12
Blastoise 16/101 Promo BLE,16/101 (Cosmos Holo) - Blister Exclusives,$2.17,"NM $28.05 (last sold 69.36, 44.99, 15.00)",1,165634,,2026-05-12
Armarouge 115/091 Shiny PAF,Paldean Fates,$4.11,"NM $4.74 (last sold 4.73, 4.99, 4.53)",1,534497,,2026-05-12
Persian GX 104/095 Super Rare SM10,Double Blaze,$4.31,,1,573702,,2026-05-12
Umbreon GX 063/060 Super Rare SM1M,Collection Moon,,,1,573205,,2026-05-12
Glaceon GX 067/066 Super Rare SM5M,Ultra Moon,$31.99,,1,572321,,2026-05-12
Pidgeotto 197/091 Shiny PAF,Paldean Fates,$6.04,"NM $5.18 (last sold 8.00, 0.31, 5.32)",1,535165,,2026-05-12
Spiritomb 158/091 Shiny PAF,Paldean Fates,$5.31,"NM $5.31 (last sold 4.00, 5.30, 5.26)",1,534680,,2026-05-12
Kadabra 149/091 Shiny PAF,Paldean Fates,$6.11,"NM $6.11 (last sold 5.00, 6.10, 5.49)",1,534634,,2026-05-12
Dreepy SV060/SV122 SHFSV,Shiny Vault,$6.25,"NM $6.44 (last sold 5.00, 5.59, 6.18)",1,232426,,2026-05-12
Charcadet 114/091 Shiny PAF,Paldean Fates,$5.48,"NM $5.51 (last sold 4.82, 5.49, 5.00)",1,534496,,2026-05-12
Luxio 136/091 Shiny PAF,Paldean Fates,$6.04,"NM $6.14 (last sold 5.10, 5.50, 5.55)",1,534529,,2026-05-12
Raikou 050/185 AR VIV,Vivid Voltage,$6.17,"NM $6.40 (last sold 8.00, 5.85, 5.58)",1,226445,,2026-05-12
Tinkaton 105/193 Promo MCAP,105/193 (GameStop Exclusive) - Miscellaneous Cards & Products,$5.40,"NM $5.58 (last sold 5.43, 5.50, 6.73)",1,502625,,2026-05-12
Dragon of Mount Gulg 12/ FCA,Through the Ages,$98.38,"NM $120.59 (last sold 97.62, 211.89, 95.99)",2,618887,,2026-05-12
Garchomp C LV.X 145/147 Classic Collection CCC,Classic Collection,$4.87,"NM $6.44 (last sold 6.26, 6.30, 6.14)",1,250335,,2026-05-12
Greninja Star SWSH144/ SWSD,Sword & Shield Promo Cards,$29.33,"NM $29.81 (last sold 29.94, 27.72, 29.60)",1,248731,,2026-05-12
Leafeon GX 157/156 Rainbow SM05,SM - Ultra Prism,$82.51,"NM $90.03 (last sold 91.11, 82.99, 95.99)",1,157773,,2026-05-12
Poke Pad 113/088 UR POR,Perfect Order,$15.80,"NM $15.80 (last sold 15.85, 16.18, 16.39)",1,684333,,2026-05-12
Houndour 204/197 IR OBF,Obsidian Flames,$10.43,"NM $10.41 (last sold 10.44, 10.37, 9.87)",1,509951,,2026-05-12
Deoxys - SWSH: Crown Zenith: Galarian Gallery (CRZ:GG) GG12/GG70,,$15.99,"NM $17.17 (last sold 16.94, 16.69, 17.60)",2,478029,,2026-05-12
Zekrom - SWSH09: Brilliant Stars Trainer Gallery (SWSH09:TG) TG05/TG30,,$14.71,"NM $14.65 (last sold 14.63, 14.50, 19.01)",1,264205,,2026-05-12
Torkoal 237/236 Rainbow SM12,SM - Cosmic Eclipse,$11.73,"NM $11.36 (last sold 11.99, 10.25, 11.50)",1,201348,,2026-05-12
Mewtwo 052 SVP,Scarlet & Violet Promo Cards,$51.95,"NM $51.73 (last sold 54.99, 45.00, 54.99)",1,518872,,2026-05-12
Pikachu 005/025 Holo Rare CLB,Celebrations,$3.97,"NM $7.99 (last sold 8.53, 8.39, 8.03)",1,250303,,2026-05-12
Pikachu 173/165 IR MEW,Scarlet & Violet 151,$84.08,"NM $83.52 (last sold 67.98, 65.00, 91.53)",1,513721,,2026-05-12
Venusaur 15/102 Classic Collection CCC,Classic Collection,$11.35,"NM $12.60 (last sold 10.51, 9.52, 10.51)",1,250321,,2026-05-12
Blastoise 2/102 Classic Collection CCC,Classic Collection,$19.30,"NM $19.09 (last sold 17.52, 19.00, 19.40)",1,250319,,2026-05-12
Gengar - SWSH11: Lost Origin Trainer Gallery (SWSH11: TG) TG06/TG30,,$57.27,"NM $57.86 (last sold 55.13, 54.98, 53.69)",1,284266,,2026-05-12
Gengar ex 193/162 UR TEF,Temporal Forces,$66.66,"NM $68.01 (last sold 54.25, 64.00, 65.24)",1,542914,,2026-05-12
Snorlax - SWSH11: Lost Origin Trainer Gallery (SWSH11: TG) TG10/TG30,,$28.33,"NM $28.85 (last sold 32.88, 18.16, 26.35)",1,284270,,2026-05-12
Snorlax - 181/165 - SV2a: Pokemon Card 151 (SV2a) 181/165 Art Rare,,$9.96,,1,577145,,2026-05-12
Magmortar - SWSH: Crown Zenith: Galarian Gallery (CRZ:GG) GG03/GG70,,$11.42,"NM $11.65 (last sold 12.00, 11.40, 12.30)",1,478020,,2026-05-12
Bisharp 143/086 IR BLK,Black Bolt,$8.74,"NM $8.80 (last sold 10.99, 9.99, 8.48)",1,642597,,2026-05-12
Jirachi XY67a PR,XY67a - Alternate Art Promos,$121.80,"NM $214.98 (last sold 299.99, 229.99, 207.98) · LP $132.42 (last sold 150.78, 148.01, 128.54) · MP $106.47 (last sold 109.99, 108.68, 108.70) · HP $90.75 (last sold 91.50, 89.99) · eBay $200.62 (last sold 219.99, 209.40, 183.72)",1,148343,,2026-05-12
Yamask 122/086 IR WHT,White Flare,$6.84,"NM $6.85 (last sold 6.72, 8.24, 6.35)",1,642234,,2026-05-12
Vileplume 094/091 Shiny PAF,Paldean Fates,$5.02,"NM $6.69 (last sold 5.99, 7.49, 7.68)",1,534462,,2026-05-12
Weavile 228/217 IR ASC,Ascended Heroes,$7.36,"NM $7.23 (last sold 6.89, 7.99, 8.24)",1,676040,,2026-05-12
Poke Ball SWSH146 SWSD,Sword & Shield Promo Cards,$27.58,"NM $27.52 (last sold 27.06, 27.91, 30.00)",1,251103,,2026-05-12
Scizor 191/091 Shiny PAF,Paldean Fates,$8.54,"NM $8.57 (last sold 7.50, 8.75, 8.82)",1,535149,,2026-05-12
Oddish 092/091 Shiny PAF,Paldean Fates,$9.56,"NM $9.56 (last sold 9.49, 9.40, 9.69)",1,534459,,2026-05-12
Scyther 095/091 Shiny PAF,Paldean Fates,$10.40,"NM $10.38 (last sold 13.00, 14.79, 9.23)",1,534463,,2026-05-12
Abra 148/091 Shiny PAF,Paldean Fates,$10.08,"NM $10.07 (last sold 11.10, 9.88, 11.00)",1,534631,,2026-05-12
N's Zekrom 031 MEP,Mega Evolution Promo,$9.39,"NM $10.66 (last sold 10.79, 9.59, 9.69)",1,680480,,2026-05-12
Lucario GX SM100 SMP,SM100 - SM Promos,$9.92,"NM $10.72 (last sold 12.99, 19.99, 9.47)",1,162042,,2026-05-12
Charizard EX (100 Full Art) 100 UR FLF,XY - Flashfire,$259.31,"NM $281.33 (last sold 260.00, 319.01, 264.97) · LP $172.27 (last sold 155.30, 198.77, 185.00) · MP $131.04 (last sold 135.00, 115.14, 142.99) · HP $68.53 (last sold 68.53) · eBay $170.00 (last sold 150.00, 200.00, 159.99)",1,91238,,2026-05-12
Umbreon EX 119/124 FA FCO,XY - Fates Collided,$40.67,"NM $142.73 (last sold 130.00, 133.70, 168.46)",1,117891,,2026-05-12
Marill 232/217 IR ASC,Ascended Heroes,$16.53,"NM $16.53 (last sold 16.00, 16.65, 17.49)",1,676044,,2026-05-12
Victini 208 SVP,Scarlet & Violet Promo Cards,$13.91,"NM $16.10 (last sold 14.36, 13.16, 17.69)",1,646169,,2026-05-12
Garbodor 204/182 IR PAR,Paradox Rift,$15.57,"NM $15.86 (last sold 20.72, 20.48, 16.97)",1,523885,,2026-05-12
Gallade 244/236 Rainbow SM12,SM - Cosmic Eclipse,$8.50,"NM $10.23 (last sold 11.00, 10.19, 11.99)",1,201355,,2026-05-12
Marshadow 146/132 IR MEG,Mega Evolution,$16.10,"NM $15.97 (last sold 16.99, 16.99, 16.01)",1,654485,,2026-05-12
Latias - SWSH: Crown Zenith: Galarian Gallery (CRZ:GG) GG20/GG70,,$18.58,"NM $18.65 (last sold 17.50, 17.65, 18.47)",1,478038,,2026-05-12
Zekrom 114/114 Classic Collection CCC,Classic Collection,$21.54,"NM $21.47 (last sold 29.04, 20.77, 22.34)",1,250338,,2026-05-12
Blaziken 192/182 IR DRI,Destined Rivals,$12.51,"NM $12.23 (last sold 8.33, 10.00, 8.00)",1,632992,,2026-05-12
Team Rocket's Wobbuffet 203/ SVP,Scarlet & Violet Promo Cards,$13.76,"NM $13.75 (last sold 13.00, 16.46, 16.70)",1,635467,,2026-05-12
Loudred 212/182 IR PAR,Paradox Rift,$14.15,"NM $14.18 (last sold 10.75, 16.13, 12.19)",1,523893,,2026-05-12
Lugia V 138/195 UR SIT,Silver Tempest,$14.59,"NM $14.49 (last sold 14.54, 19.90, 19.85)",1,450289,,2026-05-12
Salamence VMAX 194/189 Rainbow DAA,Darkness Ablaze,$14.15,"NM $14.01 (last sold 14.11, 17.25, 13.57)",1,219320,,2026-05-12
Pidgeot ex 225/197 SIR OBF,Obsidian Flames,$20.73,"NM $20.86 (last sold 20.97, 19.00, 21.99)",1,509983,,2026-05-12
M Blastoise EX 22/108 UR EVO,XY - Evolutions,$16.42,"NM $20.28 (last sold 19.43, 20.31, 21.99)",1,124035,,2026-05-12
Lapras (10) 10 Holo Rare FO,Fossil,$19.84,"NM $25.11 (last sold 22.34, 15.99, 36.99) · LP $30.63 (last sold 14.99, 11.21, 119.11) · MP $17.02 (last sold 69.95, 10.00, 10.26) · HP $9.91 (last sold 10.05, 9.77) · eBay $111.20 (last sold 10.50, 500.00, 19.99)",1,44419,,2026-05-12
Rotom ex 126/094 SIR PFL,Phantasmal Flames,$19.55,"NM $19.49 (last sold 18.99, 21.51, 20.25)",1,662222,,2026-05-12
Cofagrigus 123/086 IR WHT,White Flare,$19.65,"NM $19.73 (last sold 20.59, 19.75, 18.21)",1,642235,,2026-05-12
Butterfree VMAX 190/189 Rainbow DAA,Darkness Ablaze,$19.28,"NM $19.48 (last sold 15.00, 20.25, 15.00)",1,219312,,2026-05-12
Ho-Oh GX SM80 SMP,SM80 - SM Promos,$15.00,"NM $18.25 (last sold 17.86, 17.86, 17.35)",1,148425,,2026-05-12
Galarian Moltres V 183/172 Rainbow BRS,Brilliant Stars,$16.15,"NM $15.87 (last sold 14.99, 15.89, 16.24)",1,263903,,2026-05-12
Paldean Wooper 180/091 Shiny PAF,Paldean Fates,$7.62,"NM $9.76 (last sold 8.39, 9.07, 9.98)",1,535093,,2026-05-12
Enamorus V - SWSH11: Lost Origin Trainer Gallery (SWSH11: TG) TG18/TG30,,$9.57,"NM $9.55 (last sold 13.99, 11.99, 8.75)",1,284284,,2026-05-12
Lance's Charizard V SWSH133 SWSD,Sword & Shield Promo Cards,$4.43,"NM $9.63 (last sold 8.72, 9.99, 9.71)",1,251089,,2026-05-12
Flamigo 227/193 IR PAL,Paldea Evolved,$10.77,"NM $10.64 (last sold 8.90, 18.97, 11.13)",1,497630,,2026-05-12
Hoopa V - SWSH: Crown Zenith: Galarian Gallery (CRZ:GG) GG53/GG70,,$10.75,"NM $10.54 (last sold 12.00, 11.61, 10.83)",1,477181,,2026-05-12
Entei 34/53 Promo PR,WoTC Promo,$31.15,"NM $34.15 (last sold 28.97, 37.89, 30.78) · LP $14.91 (last sold 14.98, 14.84, 14.94) · MP $10.47 (last sold 9.99, 10.95) · HP $8.64 (last sold 8.48, 8.80) · eBay $18.08 (last sold 6.50, 18.88, 25.00)",1,85270,,2026-05-12
Raikou 2 POP,POP Series 2,$4.77,NM $25.32 (last sold 25.32),1,88533,,2026-05-12
Eevee ex 075/131 RR PRE,Prismatic Evolutions,$6.57,"NM $6.55 (last sold 6.34, 6.79, 6.44)",1,610430,,2026-05-12
Charmander 038 MEP,Mega Evolution Promo,$40.21,"NM $44.42 (last sold 45.10, 43.95, 41.95)",1,684462,,2026-05-12
Bulbasaur 037 MEP,Mega Evolution Promo,$23.18,"NM $25.11 (last sold 24.50, 24.75, 23.51)",1,684461,,2026-05-12
Squirtle 039 MEP,Mega Evolution Promo,$28.23,"NM $31.00 (last sold 29.00, 31.00, 31.00)",1,684463,,2026-05-12
Celebi & Venusaur GX SM167 SMP,SM167 - SM Promos,$75.69,"NM $74.05 (last sold 78.35, 89.94, 75.44)",1,185984,,2026-05-12
Green's Exploration 209/214 FA SM10,SM - Unbroken Bonds,$99.35,"NM $106.33 (last sold 110.00, 112.56, 110.00)",1,189278,,2026-05-12
Latios 203/191 IR SSP,Surging Sparks,$35.84,"NM $35.92 (last sold 34.93, 32.34, 32.00)",1,589987,,2026-05-12
Pikachu V SWSH145 SWSD,Sword & Shield Promo Cards,$104.38,"NM $107.24 (last sold 139.68, 107.15, 122.45)",1,251102,,2026-05-12
Scizor EX 119/122 FA BKP,XY - BREAKpoint,$23.56,"NM $25.14 (last sold 18.00, 34.95, 23.23)",1,111564,,2026-05-12
Origin Forme Palkia VSTAR (Secret) (192) 192 SR ASR,Astral Radiance,$12.10,"NM $12.32 (last sold 12.00, 12.09, 12.00)",1,272446,,2026-05-12
Braviary 214/191 IR SSP,Surging Sparks,$5.10,"NM $5.08 (last sold 8.38, 6.36, 4.99)",1,589879,,2026-05-12
Darumaka 097/086 IR BLK,Black Bolt,$11.67,"NM $11.67 (last sold 10.47, 13.25, 10.37)",1,642547,,2026-05-12
Dusknoir 070/064 IR SFA,Shrouded Fable,$35.80,"NM $35.37 (last sold 39.99, 34.69, 34.75)",1,560381,,2026-05-12
Lairon 184/167 IR TWM,Twilight Masquerade,$4.71,"NM $5.46 (last sold 8.00, 6.85, 6.55)",1,550228,,2026-05-12
Lillie's Clefairy ex 184/159 SIR JTG,Journey Together,$131.83,"NM $129.29 (last sold 128.00, 129.99, 130.00)",1,623611,,2026-05-12
Mega Zygarde ex 120/088 SIR POR,Perfect Order,$88.87,"NM $89.57 (last sold 89.23, 89.21, 89.70)",1,684338,,2026-05-12
Poochyena - SWSH: Crown Zenith: Galarian Gallery (CRZ:GG) GG33/GG70,,$5.60,"NM $6.54 (last sold 6.44, 6.50, 4.99)",2,478062,,2026-05-12
